{
  "test/integration/opaTests.qunit.html": 1727455666628,
  "manifest.json": 1727458902172,
  "test/integration/pages/RisksList.js": 1727455666632,
  "test/integration/opaTests.qunit.js": 1727455666628,
  "test/integration/FirstJourney.js": 1727455666632,
  "test/testsuite.qunit.js": 1727455666624,
  "xs-app.json": 1727686907063,
  "test/integration/pages/RisksObjectPage.js": 1727455666632,
  "Component.js": 1727455666612,
  "test/integration/pages/RisksList-dbg.js": 1727455666632,
  "test/integration/pages/RisksList.js.map": 1727686914935,
  "test/integration/opaTests.qunit-dbg.js": 1727455666628,
  "test/integration/opaTests.qunit.js.map": 1727686914935,
  "test/integration/FirstJourney-dbg.js": 1727455666632,
  "test/integration/FirstJourney.js.map": 1727686914937,
  "test/testsuite.qunit-dbg.js": 1727455666624,
  "test/testsuite.qunit.js.map": 1727686914935,
  "test/integration/pages/RisksObjectPage-dbg.js": 1727455666632,
  "test/integration/pages/RisksObjectPage.js.map": 1727686914937,
  "Component-dbg.js": 1727455666612,
  "Component.js.map": 1727686914938,
  "Component-preload.js": 1727686915112,
  "Component-preload.js.map": 1727686915112,
  "i18n/i18n.properties": 1727455690576,
  "test/testsuite.qunit.html": 1727455666624,
  "test/flpSandbox.html": 1727455666624,
  "index.html": 1727455666612
}